-- phpMyAdmin SQL Dump
-- version 4.6.5.2
-- https://www.phpmyadmin.net/
--
-- Host: 127.0.0.1
-- Generation Time: May 17, 2017 at 05:59 AM
-- Server version: 10.1.21-MariaDB
-- PHP Version: 7.1.1

SET SQL_MODE = "NO_AUTO_VALUE_ON_ZERO";
SET time_zone = "+00:00";


/*!40101 SET @OLD_CHARACTER_SET_CLIENT=@@CHARACTER_SET_CLIENT */;
/*!40101 SET @OLD_CHARACTER_SET_RESULTS=@@CHARACTER_SET_RESULTS */;
/*!40101 SET @OLD_COLLATION_CONNECTION=@@COLLATION_CONNECTION */;
/*!40101 SET NAMES utf8mb4 */;

--
-- Database: `minimarket`
--

-- --------------------------------------------------------

--
-- Table structure for table `account`
--

CREATE TABLE `account` (
  `Username` varchar(20) NOT NULL,
  `Name` varchar(30) NOT NULL,
  `Password` varchar(20) NOT NULL,
  `Sec_Q` varchar(50) NOT NULL,
  `Answer` varchar(30) NOT NULL
) ENGINE=InnoDB DEFAULT CHARSET=latin1;

--
-- Dumping data for table `account`
--

INSERT INTO `account` (`Username`, `Name`, `Password`, `Sec_Q`, `Answer`) VALUES
('', '', '', 'Siapa nama ayahmu?', ''),
('a', 'asd', 'as', 'Siapa nama ayahmu?', 'sas'),
('abc', 'sd', 'asd', 'Siapa nama ibumu?', 'abc'),
('admin', 'admin', 'admin', 'What was your childhood nickname?', 'slip'),
('alvienihsan', 'Alvien Ihsan', 'alvienihsan', 'What was your childhood nickname?', 'alvien'),
('asd', 'adsa', 'asd', 'Siapa nama ayahmu?', 'asd'),
('asdasd1234', 'asdasd1234', 'asdasd1234', 'Siapa pacar pertamamu?', 'asdasd1234'),
('asdasdklk', '235', '2345', 'Siapa nama ibumu?', 'bn'),
('asdf1234j', '1312', '1231', 'Siapa pacar pertamamu?', 'bhb'),
('asdf9096', 'asdnw', 'y273', 'Siapa nama hewan peliharaanmu?', 'a'),
('asdf9097', 'asdnw', 'y273', 'Siapa nama hewan peliharaanmu?', 'a'),
('asj', '123', 'asj', 'Siapa nama ibumu?', 'asj'),
('gfd', 'asd', '24', 'Siapa nama hewan peliharaanmu?', 'sdasd'),
('gfdmnm', 'sd', 'gfd', 'Siapa nama ibumu?', 'asd'),
('hanif', 'hanif', '12345', 'Siapa nama ayahmu?', 'sahid'),
('hanif salafi', 'hanifsalafi', 'aewq', 'Siapa nama ayahmu?', 'sahid'),
('hanif123', 'hanif salafi 12', '123', 'Siapa nama ayahmu?', 'sahid'),
('hanifss', '123', 'hanifsalafi', 'Siapa nama hewan peliharaanmu?', 'faris'),
('hanifsss', 'sds', '12', 'Siapa nama ayahmu?', 'sas'),
('qwe12', '2', '5', 'What was the name of your pet?', '12'),
('ridho1234', 'ridho1234', 'ridho1234', 'Siapa nama hewan peliharaanmu?', 'ridho1234'),
('salafi', 'hanif salafi', '123', 'Who was your childhood hero?', 'power ranger'),
('sd', 'asd', 'das', 'Siapa nama ayahmu?', 'sad'),
('sss', 'sadss', 'sss', 'Siapa nama ayahmu?', 'sss'),
('udin', 'uddin', 'asdasd', 'What is the name of your mother?', 'sumiati'),
('x', 'x', 'x', 'Siapa nama ibumu?', 'x');

-- --------------------------------------------------------

--
-- Table structure for table `barang`
--

CREATE TABLE `barang` (
  `Id_Barang` varchar(10) NOT NULL,
  `Nama_Barang` varchar(30) NOT NULL,
  `Stok` int(5) NOT NULL,
  `Harga` int(12) NOT NULL
) ENGINE=InnoDB DEFAULT CHARSET=latin1;

--
-- Dumping data for table `barang`
--

INSERT INTO `barang` (`Id_Barang`, `Nama_Barang`, `Stok`, `Harga`) VALUES
('100', 'tango', 12, 4500),
('1009', 'milo', 19, 8000),
('1010', 'indomie', 100, 4000),
('1011', 'chitos', 0, 9000),
('1500', 'beng-beng', 6, 3000),
('2423', 'sabun mandi', 20, 5000),
('3277', 'pringles', 20, 13500),
('4069', 'aqua', 100, 2500),
('4751', 'susu', 23, 6500),
('7073', 'sari roti', 4, 8000),
('8262', 'sikat gigi', 30, 10000),
('8339', 'bear brand', 33, 5400),
('8773', 'tissue', 24, 15000),
('9377', 'Coca-cola', 34, 7000);

-- --------------------------------------------------------

--
-- Table structure for table `customer`
--

CREATE TABLE `customer` (
  `Id_Pelanggan` varchar(10) NOT NULL,
  `Nama_Pelanggan` varchar(30) NOT NULL,
  `Jenis_Kelamin` varchar(10) NOT NULL,
  `Jumlah_Belanja` int(100) DEFAULT NULL
) ENGINE=InnoDB DEFAULT CHARSET=latin1;

--
-- Dumping data for table `customer`
--

INSERT INTO `customer` (`Id_Pelanggan`, `Nama_Pelanggan`, `Jenis_Kelamin`, `Jumlah_Belanja`) VALUES
('.,mknjb', '232', 'Perempuan', 0),
('1000', 'hanif salafi', 'Laki-Laki', 18),
('1001', 'hasad', 'Laki-Laki', 62),
('1002', '1222', 'Laki-Laki', 0),
('1003', 'hanifsa', 'Laki-Laki', 29),
('1004', 'dsa', 'Laki-Laki', 14),
('1005', 'asdasd', 'Laki-Laki', 0),
('1006', 'qweqw', 'Laki-Laki', 0),
('1007', 'qweqwe', 'Laki-Laki', 0),
('1008', '23232', 'Laki-Laki', 0),
('1009', '12312', 'Laki-Laki', 0),
('1010', '1231231', 'Laki-Laki', 0),
('1011', 'sadasd', 'Laki-Laki', 0),
('1012', '2122', 'Laki-Laki', 0),
('1013', 'sdasda', 'Laki-Laki', 0),
('1014', 'hanif12', 'Laki-La2ki', 2),
('127', 'nxcsddf', 'Laki-Laki', 0),
('142', 'cetosssss', 'Laki-Laki', 0),
('186', 'klas', 'Laki-Laki', 0),
('194', 'testt', 'Laki-Laki', 0),
('202', 'kojihuyg', 'Laki-Laki', 0),
('214', 'cek', 'Laki-Laki', 0),
('274', 'kjhg', 'Laki-Laki', 0),
('275', 'alpin', 'Bencong', 0),
('276', 'ridho', 'Male', 0),
('323', 'x', 'Laki-Laki', 0),
('338', 'dasdds', 'Male', 0),
('342', 'sr', 'Male', 0),
('343', 'ilhamr', 'Male', 18),
('365', 'sdkal', 'Laki-Laki', 0),
('379', 'Alvien', 'Male', 0),
('388', 'bn', 'Perempuan', 0),
('425', 'hanifsss', 'Laki-Lakis', 9),
('437', 'adi', 'Perempuan', 0),
('499', 'hanif sa;afi', 'Laki-Laki', 0),
('505', 'knj', 'Laki-Laki', 0),
('523', 'aaa', 'Perempuan', 0),
('535', 'paijo', 'Laki-Laki', 0),
('585', 'hamil', 'Laki-Laki', 0),
('588', 'hanif sa', 'Laki-Laki', 0),
('634', 'asds', 'Laki-Laki', 0),
('643', 'kjhgsad', 'Laki-Laki', 0),
('661', '661', 'Perempuan', 0),
('666', 'hanif salafif', 'Male', 1),
('715', 'cvb', 'Laki-Laki', 0),
('782', 'salafi', 'Male', 0),
('as', '0', 'Laki-Laki', 0),
('asd', '2', 'Laki-Laki', 0),
('asdasd', '1015', 'Perempuan', 0),
('asdh2', '822', 'Perempuan', 0),
('dasdsa', '258', 'Perempuan', 0),
('gui', '456', 'Perempuan', 0),
('hanif', '721', 'Laki-Laki', 0),
('nip', '683', 'Laki-Laki', 0),
('test', '532', 'Laki-Laki', 0),
('wahaha', '852', 'Perempuan', 0),
('we3', '840', 'Laki-Laki', 0);

-- --------------------------------------------------------

--
-- Table structure for table `detiltransaksi`
--

CREATE TABLE `detiltransaksi` (
  `KodeTransaksi` varchar(10) NOT NULL,
  `Id_Barang` varchar(10) NOT NULL,
  `Nota` varchar(10) NOT NULL,
  `Jumlah` int(10) NOT NULL,
  `Total_Harga` int(12) NOT NULL
) ENGINE=InnoDB DEFAULT CHARSET=latin1;

--
-- Dumping data for table `detiltransaksi`
--

INSERT INTO `detiltransaksi` (`KodeTransaksi`, `Id_Barang`, `Nota`, `Jumlah`, `Total_Harga`) VALUES
('1', '1011', '12248', 1, 10000),
('1073', '100', '9978', 6, 27000),
('1111', '100', '12222', 2, 0),
('1113', '1011', '12222', 4, 0),
('1170', '100', '8620', 2, 9000),
('120', '100', '12287', 1, 10000),
('124', '1011', '12268', 1, 10000),
('1246', '1009', '7562', 1, 8000),
('1303', '100', '2896', 4, 18000),
('1437', '100', '5596', 1, 4500),
('1464', '1011', '4638', 1, 9000),
('149', '1011', '8435', 4, 36000),
('155', '1011', '12272', 2, 20000),
('1569', '1011', '9492', 9, 81000),
('186', '1011', '12289', 5, 50000),
('201', '100', '12296', 3, 30000),
('2251', '100', '6220', 5, 100000),
('2276', '1011', '5580', 1, 100000),
('2401', '100', '4105', 4, 18000),
('250', '100', '12300', 3, 30000),
('2542', '100', '5634', 3, 60000),
('260', '100', '12294', 6, 60000),
('262', '1011', '12258', 2, 20000),
('263', '1011', '12264', 1, 10000),
('2658', '100', '3512', 7, 140000),
('275', '1011', '12254', 8, 80000),
('3', '1011', '12250', 1, 20000),
('3049', '1011', '7895', 1, 9000),
('316', '1011', '12280', 5, 50000),
('3190', '100', '3698', 2, 40000),
('3217', '1011', '2857', 1, 9000),
('3266', '1011', '3934', 20, 180000),
('3339', '1011', '8068', 2, 18000),
('336', '100', '8620', 1, 4500),
('354', '100', '12299', 5, 50000),
('3583', '100', '3334', 5, 100000),
('370', '1011', '12260', 2, 20000),
('3749', '1011', '7662', 5, 45000),
('379', '1011', '12259', 1, 10000),
('385', '1011', '3949', 1, 0),
('4', '1011', '12252', 2, 20000),
('407', '100', '12295', 4, 40000),
('412', '100', '12277', 2, 20000),
('4236', '100', '5715', 1, 4500),
('4336', '100', '8450', 20, 400000),
('437', '100', '12272', 2, 20000),
('439', '1011', '12263', 2, 20000),
('447', '1011', '12269', 1, 10000),
('449', '100', '12283', 3, 30000),
('4642', '100', '3249', 8, 160000),
('4778', '100', '6160', 30, 135000),
('4999', '1010', '9730', 1, 2),
('5079', '1011', '1937', 3, 36000),
('510', '100', '12275', 3, 30000),
('5119', '100', '6836', 2, 18000),
('526', '100', '12284', 2, 20000),
('527', '1011', '12273', 2, 20000),
('530', '1011', '12273', 8, 80000),
('5515', '1011', '8068', 4, 36000),
('5635', '100', '477', 10, 49500),
('581', '1011', '12255', 1, 10000),
('5817', '1011', '9878', 3, 27000),
('583', '1011', '12274', 2, 20000),
('5888', '100', '1147', 4, 80000),
('5976', '1011', '1397', 20, 180000),
('60', '100', '12291', 8, 80000),
('601', '1011', '12294', 2, 20000),
('610', '1011', '12282', 2, 20000),
('612', '100', '12297', 3, 30000),
('618', '100', '12290', 4, 40000),
('6197', '100', '3204', 7, 140000),
('620', '100', '12280', 3, 30000),
('63', '1011', '12261', 1, 10000),
('6390', '1011', '1040', 1, 9000),
('68', '1011', '12271', 1, 10000),
('687', '100', '12289', 2, 20000),
('6953', '1011', '6567', 3, 27000),
('699', '1011', '12276', 8, 80000),
('7045', '100', '7924', 20, 400000),
('708', '1011', '12290', 2, 20000),
('716', '1011', '12266', 1, 10000),
('7195', '100', '3199', 6, 27000),
('730', '100', '12276', 2, 20000),
('731', '1011', '12257', 2, 20000),
('7373', '100', '3050', 1, 4500),
('7552', '100', '2064', 2, 40000),
('77', '100', '12301', 1, 10000),
('7750', '100', '7527', 20, 90000),
('779', '100', '3949', 2, 9000),
('781', '1011', '12267', 2, 20000),
('800', '100', '12293', 2, 20000),
('807', '1011', '12276', 3, 30000),
('833', '1011', '12292', 3, 30000),
('8332', '1011', '6141', 1, 9000),
('842', '1011', '12270', 3, 30000),
('8519', '100', '2506', 18, 81000),
('8545', '100', '6836', 5, 100000),
('8584', '100', '2896', 1, 4500),
('8617', '1011', '7045', 20, 180000),
('885', '1011', '12262', 2, 20000),
('8875', '100', '2261', 1, 4500),
('888', '1011', '12265', 1, 10000),
('892', '1011', '12281', 3, 30000),
('9077', '1011', '8985', 20, 180000),
('925', '100', '12292', 1, 10000),
('928', '100', '12278', 2, 20000),
('9371', '1011', '6412', 1, 9000),
('945', '100', '12286', 1, 10000),
('949', '1500', '9878', 2, 6000),
('95', '1011', '12253', 1, 10000),
('956', '100', '12279', 2, 20000),
('962', '100', '12285', 1, 10000),
('968', '1011', '12299', 3, 27000),
('98', '1011', '1147', 2, 18000),
('9839', '1011', '6324', 1, 9000),
('987', '100', '12288', 1, 10000),
('997', '100', '12298', 3, 30000),
('9973', '1011', '1937', 1, 9000),
('9997', '1011', '3257', 1, 4500);

-- --------------------------------------------------------

--
-- Table structure for table `transaksi`
--

CREATE TABLE `transaksi` (
  `Nota` varchar(10) NOT NULL,
  `Tanggal` date NOT NULL,
  `Id_Pelanggan` varchar(10) NOT NULL,
  `Total_Bayar` double DEFAULT NULL
) ENGINE=InnoDB DEFAULT CHARSET=latin1;

--
-- Dumping data for table `transaksi`
--

INSERT INTO `transaksi` (`Nota`, `Tanggal`, `Id_Pelanggan`, `Total_Bayar`) VALUES
('1040', '2017-05-16', '343', 9000),
('1147', '2017-03-25', '1001', 98000),
('12222', '2017-04-04', '1000', 4),
('12223', '2017-04-04', '1000', 7),
('12224', '2017-04-04', '1000', 4),
('12225', '2017-04-04', '1000', 5),
('12226', '2017-04-04', '1000', 7854),
('12227', '2017-03-03', '1000', 3366),
('12228', '2017-04-04', '1004', 6732),
('12229', '2017-04-04', '1004', 40000),
('12230', '2017-04-04', '1004', 20000),
('12231', '2017-04-04', '1004', 30000),
('12232', '2017-04-04', '1004', 50000),
('12233', '2017-04-04', '1004', 10000),
('12234', '2017-04-04', '1004', 20000),
('12235', '2017-04-04', '1004', 5),
('12236', '2017-04-04', '1004', 30000),
('12237', '2017-04-04', '1004', 4),
('12238', '2017-04-04', '1004', 20000),
('12239', '2017-04-04', '1004', 20000),
('12240', '2017-04-04', '1004', 3),
('12241', '2017-04-04', '1004', 20000),
('12242', '2017-10-10', '1003', 80000),
('12243', '2017-12-12', '1003', 20000),
('12244', '2017-03-03', '1003', 30000),
('12245', '2017-06-06', '1003', 0),
('12246', '2018-04-04', '1001', 0),
('12247', '2017-03-03', '1001', 0),
('12248', '2017-09-09', '1001', 0),
('12249', '2017-04-04', '1001', 0),
('12250', '2017-04-04', '1001', 0),
('12251', '2017-04-04', '1001', 0),
('12252', '2017-04-04', '1001', 0),
('12253', '2018-03-03', '1001', 0),
('12254', '2017-04-04', '1001', 0),
('12255', '2017-09-09', '1001', 0),
('12256', '2017-04-04', '1001', 0),
('12257', '2017-04-04', '1001', 0),
('12258', '2016-04-04', '1001', 0),
('12259', '2018-04-04', '1001', 0),
('12260', '2013-03-02', '1003', 0),
('12261', '2017-04-05', '1001', 0),
('12262', '2017-04-04', '1001', 0),
('12263', '2018-04-04', '1001', 0),
('12264', '2018-04-04', '1001', 0),
('12265', '2017-04-04', '1001', 0),
('12266', '2017-04-04', '1001', 0),
('12267', '2017-04-04', '1001', 0),
('12268', '2017-04-04', '1001', 0),
('12269', '2018-04-04', '1001', 0),
('12270', '2018-04-04', '1001', 0),
('12271', '2017-04-03', '1001', 0),
('12272', '2018-03-04', '1001', 4),
('12273', '2017-04-04', '1001', 40000),
('12274', '2014-04-04', '1001', 0),
('12275', '2019-02-02', '1001', 0),
('12276', '2019-03-03', '1001', 0),
('12277', '2017-04-04', '1001', 0),
('12278', '2013-03-03', '1001', 0),
('12279', '2019-02-02', '1001', 0),
('12280', '2011-03-03', '1001', 0),
('12281', '2019-02-02', '1001', 0),
('12282', '2017-04-04', '1001', 0),
('12283', '2019-09-09', '1001', 0),
('12284', '2012-02-02', '1001', 0),
('12285', '2012-09-09', '1001', 0),
('12286', '2018-03-03', '1001', 0),
('12287', '2019-09-09', '1001', 0),
('12288', '2018-09-09', '1001', 0),
('12289', '2019-09-09', '1001', 40000),
('12290', '2018-09-09', '1001', 60000),
('12291', '2019-02-02', '1001', 80000),
('12292', '2019-09-09', '1001', 40000),
('12293', '1222-00-00', '1001', 20000),
('12294', '2019-09-09', '1001', 80000),
('12295', '2019-09-09', '1001', 40000),
('12296', '2019-09-09', '1003', 30000),
('12297', '2019-09-09', '1001', 30000),
('12298', '2010-09-09', '1001', 30000),
('12299', '2017-04-04', '1003', 77000),
('12300', '2018-09-09', '1003', 0),
('12301', '2019-09-09', '1003', 10000),
('1339', '2017-03-14', '1003', 1111),
('1397', '2017-11-23', '1003', 0),
('1840', '2017-06-01', '1003', 0),
('1937', '2017-05-17', '343', 45000),
('2064', '2017-01-08', '1003', 40000),
('2261', '2017-05-17', '1004', 4500),
('2506', '2017-05-08', '1001', 0),
('2640', '2017-05-27', '1003', 0),
('2736', '2019-09-09', '1003', 0),
('2857', '2017-05-16', '343', 9000),
('2896', '2017-05-17', '343', 22500),
('305', '2017-02-01', '1003', 490000),
('3050', '2017-05-18', '1003', 4500),
('3199', '2017-05-16', '343', 0),
('3204', '2017-05-05', '1000', 140000),
('3249', '2017-02-05', '1001', 160000),
('3257', '2017-05-17', '343', 4500),
('3334', '2017-03-31', '1003', 100000),
('3512', '2017-09-01', '1001', 0),
('3605', '2017-03-02', '1000', 0),
('3698', '2017-05-11', '1000', 40000),
('3703', '2017-03-05', '1003', 2222),
('3934', '2017-02-11', '1003', 180000),
('3949', '2017-05-16', '379', 9000),
('3951', '2017-03-23', '1003', 0),
('397', '2017-03-22', '1000', 3333),
('4100', '2017-05-16', '1003', 0),
('4105', '2017-05-16', '343', 18000),
('4128', '2017-03-21', '1000', 6666),
('4617', '2017-02-21', '1003', 0),
('4627', '2017-05-11', '1003', 1111),
('4633', '2017-05-05', '1000', 0),
('4638', '2017-05-24', '343', 9000),
('477', '2017-05-16', '343', 49500),
('4782', '2017-05-05', '1000', 0),
('4978', '2017-01-13', '1001', 0),
('5580', '2017-04-16', '1003', 100000),
('5596', '2017-05-17', '343', 4500),
('5634', '2017-04-18', '1001', 0),
('5715', '2017-05-17', '666', 4500),
('5737', '2017-05-26', '1003', 3333),
('6005', '2017-10-02', '1001', 0),
('6141', '2017-05-16', '343', 9000),
('6160', '2017-05-15', '343', 135000),
('6220', '2017-01-05', '1001', 100000),
('6324', '2017-05-16', '343', 9000),
('6412', '2017-05-10', '1000', 9000),
('6567', '2017-04-14', '1003', 27000),
('6836', '2017-12-05', '1000', 125777),
('7045', '2017-04-20', '1003', 180000),
('7147', '2017-03-00', '1000', 0),
('728', '2017-02-19', '1003', 33330),
('7527', '2017-05-16', '343', 90000),
('7562', '2017-05-02', '1001', 8000),
('7588', '2017-05-16', '379', 0),
('7662', '2017-05-26', '1003', 0),
('7828', '2017-12-21', '1001', 0),
('7895', '2017-05-16', '343', 9000),
('7924', '2017-03-09', '1003', 400000),
('8011', '2017-03-17', '1003', 2222),
('8068', '2017-03-18', '1003', 54000),
('8435', '2017-05-16', '343', 36000),
('8450', '2017-03-30', '1003', 400000),
('8513', '2017-01-20', '1003', 0),
('8540', '2017-10-21', '1003', 0),
('8620', '2017-05-10', '343', 13500),
('8633', '2017-04-26', '1003', 0),
('8963', '2017-04-05', '1003', 0),
('8985', '2017-02-19', '1003', 0),
('9458', '2017-03-10', '1003', 0),
('9492', '2017-02-28', '1003', 81000),
('9586', '2017-09-07', '1001', 0),
('9662', '2017-04-26', '1000', 1111),
('9730', '2017-03-20', '1003', 2),
('9878', '2017-05-05', '1000', 33000),
('9978', '2017-05-16', '343', 27000);

--
-- Indexes for dumped tables
--

--
-- Indexes for table `account`
--
ALTER TABLE `account`
  ADD PRIMARY KEY (`Username`);

--
-- Indexes for table `barang`
--
ALTER TABLE `barang`
  ADD PRIMARY KEY (`Id_Barang`),
  ADD UNIQUE KEY `Nama_Barang` (`Nama_Barang`);

--
-- Indexes for table `customer`
--
ALTER TABLE `customer`
  ADD PRIMARY KEY (`Id_Pelanggan`),
  ADD UNIQUE KEY `Nama` (`Nama_Pelanggan`);

--
-- Indexes for table `detiltransaksi`
--
ALTER TABLE `detiltransaksi`
  ADD PRIMARY KEY (`KodeTransaksi`),
  ADD KEY `Nota` (`Nota`),
  ADD KEY `Id_Barang` (`Id_Barang`);

--
-- Indexes for table `transaksi`
--
ALTER TABLE `transaksi`
  ADD PRIMARY KEY (`Nota`),
  ADD KEY `Id_Pelanggan` (`Id_Pelanggan`);

--
-- Constraints for dumped tables
--

--
-- Constraints for table `detiltransaksi`
--
ALTER TABLE `detiltransaksi`
  ADD CONSTRAINT `detiltransaksi_ibfk_1` FOREIGN KEY (`Nota`) REFERENCES `transaksi` (`Nota`),
  ADD CONSTRAINT `detiltransaksi_ibfk_2` FOREIGN KEY (`Id_Barang`) REFERENCES `barang` (`Id_Barang`);

--
-- Constraints for table `transaksi`
--
ALTER TABLE `transaksi`
  ADD CONSTRAINT `transaksi_ibfk_1` FOREIGN KEY (`Id_Pelanggan`) REFERENCES `customer` (`Id_Pelanggan`);

/*!40101 SET CHARACTER_SET_CLIENT=@OLD_CHARACTER_SET_CLIENT */;
/*!40101 SET CHARACTER_SET_RESULTS=@OLD_CHARACTER_SET_RESULTS */;
/*!40101 SET COLLATION_CONNECTION=@OLD_COLLATION_CONNECTION */;
